{"cameraMode":{"drawMode":0,"name":"Shaded","section":"Shading Mode"},"sceneLighting":true,"audioPlay":false,"sceneViewState":{"showFog":true,"showMaterialUpdate":false,"showSkybox":true,"showFlares":true,"showImageEffects":true,"showParticleSystems":true},"in2DMode":false,"pivot":{"x":192.6636505126953,"y":-168.13946533203126,"z":-128.38841247558595},"rotation":{"x":-0.14670594036579133,"y":-0.8377248644828796,"z":0.27353066205978396,"w":-0.44930562376976015},"size":293.31854248046877,"orthographic":false}