{"cameraMode":{"drawMode":0,"name":"Shaded","section":"Shading Mode"},"sceneLighting":true,"audioPlay":false,"sceneViewState":{"showFog":true,"showMaterialUpdate":false,"showSkybox":true,"showFlares":true,"showImageEffects":true,"showParticleSystems":true},"in2DMode":false,"pivot":{"x":18.152667999267579,"y":10.832722663879395,"z":-16.483253479003908},"rotation":{"x":-0.01961357332766056,"y":0.142584890127182,"z":-0.0028246715664863588,"w":-0.98958420753479},"size":11.411661148071289,"orthographic":false}