{"cameraMode":{"drawMode":0,"name":"Shaded","section":"Shading Mode"},"sceneLighting":false,"audioPlay":false,"sceneViewState":{"showFog":true,"showMaterialUpdate":false,"showSkybox":false,"showFlares":true,"showImageEffects":true,"showParticleSystems":true},"in2DMode":false,"pivot":{"x":-9.800000190734864,"y":1.5399999618530274,"z":-6.358613014221191},"rotation":{"x":0.30628395080566409,"y":0.14910843968391419,"z":-0.048640813678503039,"w":0.9389307498931885},"size":2.8578836917877199,"orthographic":false}